"File","ConfigKey","LocalizationKey","EnglishDescription"
"SkillTree/Sword_Config.cs","Tier0_SwordExpert_RequiredPoints","config_tier0_swordexpert_requiredpoints","Tier 0: Sword Expert (sword_expert) - Required Points"
"SkillTree/Sword_Config.cs","Tier0_SwordExpert_DamageBonus","config_tier0_swordexpert_damagebonus","Tier 0: Sword Expert (sword_expert) - Damage Bonus (%)"
"SkillTree/Sword_Config.cs","Tier1_FastSlash_RequiredPoints","config_tier1_fastslash_requiredpoints","Tier 1: Fast Slash (sword_step1_fastslash) - Required Points"
"SkillTree/Sword_Config.cs","Tier1_CounterStance_RequiredPoints","config_tier1_counterstance_requiredpoints","Tier 1: Counter Stance (sword_step1_counter) - Required Points"
"SkillTree/Sword_Config.cs","Tier1_FastSlash_AttackSpeedBonus","config_tier1_fastslash_attackspeedbonus","Tier 1: Fast Slash (sword_step1_fastslash) - Attack Speed Bonus (%)"
"SkillTree/Sword_Config.cs","Tier2_ComboSlash_RequiredPoints","config_tier2_comboslash_requiredpoints","Tier 2: Combo Slash (sword_step2_comboslash) - Required Points"
"SkillTree/Sword_Config.cs","Tier2_ComboSlash_DamageBonus","config_tier2_comboslash_damagebonus","Tier 2: Combo Slash (sword_step2_comboslash) - Damage Bonus (%)"
"SkillTree/Sword_Config.cs","Tier2_ComboSlash_BuffDuration","config_tier2_comboslash_buffduration","Tier 2: Combo Slash (sword_step2_comboslash) - Buff Duration (sec)"
"SkillTree/Sword_Config.cs","Tier3_Riposte_RequiredPoints","config_tier3_riposte_requiredpoints","Tier 3: Riposte (sword_step3_riposte) - Required Points"
"SkillTree/Sword_Config.cs","Tier3_Riposte_DamageBonus","config_tier3_riposte_damagebonus","Tier 3: Riposte (sword_step3_riposte) - Damage Bonus (flat)"
"SkillTree/Sword_Config.cs","Tier4_AllInOne_RequiredPoints","config_tier4_allinone_requiredpoints","Tier 4: All-In-One (sword_step3_allinone) - Required Points"
"SkillTree/Sword_Config.cs","Tier4_TrueDuel_RequiredPoints","config_tier4_trueduel_requiredpoints","Tier 4: True Duel (sword_step4_trueduel) - Required Points"
"SkillTree/Sword_Config.cs","Tier4_TrueDuel_AttackSpeedBonus","config_tier4_trueduel_attackspeedbonus","Tier 4: True Duel (sword_step4_trueduel) - Attack Speed Bonus (%)"
"SkillTree/Sword_Config.cs","Tier5_ParryRush_RequiredPoints","config_tier5_parryrush_requiredpoints","Tier 5: Parry Rush (sword_step5_defswitch) - Required Points"
"SkillTree/Sword_Config.cs","Tier5_ParryRush_BuffDuration","config_tier5_parryrush_buffduration","Tier 5: Parry Rush (sword_step5_defswitch) - Buff Duration (sec)"
"SkillTree/Sword_Config.cs","Tier5_ParryRush_DamageBonus","config_tier5_parryrush_damagebonus","Tier 5: Parry Rush (sword_step5_defswitch) - Damage Bonus (%)"
"SkillTree/Sword_Config.cs","Tier5_ParryRush_PushDistance","config_tier5_parryrush_pushdistance","Tier 5: Parry Rush (sword_step5_defswitch) - Push Distance (meters)"
"SkillTree/Sword_Config.cs","Tier5_ParryRush_StaminaCost","config_tier5_parryrush_staminacost","Tier 5: Parry Rush (sword_step5_defswitch) - Stamina Cost"
"SkillTree/Sword_Config.cs","Tier5_ParryRush_Cooldown","config_tier5_parryrush_cooldown","Tier 5: Parry Rush (sword_step5_defswitch) - Cooldown (sec)"
"SkillTree/Sword_Config.cs","Tier6_RushSlash_RequiredPoints","config_tier6_rushslash_requiredpoints","Tier 6: Rush Slash (sword_step5_finalcut) - Required Points"
"SkillTree/Sword_Config.cs","Tier6_RushSlash_Hit1DamageRatio","config_tier6_rushslash_hit1damageratio","Tier 6: Rush Slash (sword_step5_finalcut) - Hit 1 Damage Ratio (%)"
"SkillTree/Sword_Config.cs","Tier6_RushSlash_Hit2DamageRatio","config_tier6_rushslash_hit2damageratio","Tier 6: Rush Slash (sword_step5_finalcut) - Hit 2 Damage Ratio (%)"
"SkillTree/Sword_Config.cs","Tier6_RushSlash_Hit3DamageRatio","config_tier6_rushslash_hit3damageratio","Tier 6: Rush Slash (sword_step5_finalcut) - Hit 3 Damage Ratio (%)"
"SkillTree/Sword_Config.cs","Tier6_RushSlash_InitialDistance","config_tier6_rushslash_initialdistance","Tier 6: Rush Slash (sword_step5_finalcut) - Initial Dash Distance (meters)"
"SkillTree/Sword_Config.cs","Tier6_RushSlash_SideDistance","config_tier6_rushslash_sidedistance","Tier 6: Rush Slash (sword_step5_finalcut) - Side Movement Distance (meters)"
"SkillTree/Sword_Config.cs","Tier6_RushSlash_StaminaCost","config_tier6_rushslash_staminacost","Tier 6: Rush Slash (sword_step5_finalcut) - Stamina Cost"
"SkillTree/Sword_Config.cs","Tier6_RushSlash_Cooldown","config_tier6_rushslash_cooldown","Tier 6: Rush Slash (sword_step5_finalcut) - Cooldown (sec)"
"SkillTree/Sword_Config.cs","Tier6_RushSlash_MoveSpeed","config_tier6_rushslash_movespeed","Tier 6: Rush Slash (sword_step5_finalcut) - Movement Speed (m/s)"
"SkillTree/Sword_Config.cs","Tier6_RushSlash_AttackSpeedBonus","config_tier6_rushslash_attackspeedbonus","Tier 6: Rush Slash (sword_step5_finalcut) - Attack Speed Bonus (%)"
"SkillTree/Bow_Config.cs","Tier0_BowExpert_RequiredPoints","config_tier0_bowexpert_requiredpoints","Tier 0: Bow Expert (bow_expert) - Required Points"
"SkillTree/Bow_Config.cs","Tier1_FocusedShot_RequiredPoints","config_tier1_focusedshot_requiredpoints","Tier 1: Focused Shot (bow_step2_focus) - Required Points"
"SkillTree/Bow_Config.cs","Tier2_MultishotLv1_RequiredPoints","config_tier2_multishotlv1_requiredpoints","Tier 2: Multishot Lv1 (bow_step2_multishot) - Required Points"
"SkillTree/Bow_Config.cs","Tier3_BowMastery_RequiredPoints","config_tier3_bowmastery_requiredpoints","Tier 3: Bow Mastery (bow_step3_speedshot) - Required Points"
"SkillTree/Bow_Config.cs","Tier4_MultishotLv2_RequiredPoints","config_tier4_multishotlv2_requiredpoints","Tier 4: Multishot Lv2 (bow_step4_multishot_lv2) - Required Points"
"SkillTree/Bow_Config.cs","Tier5_PrecisionAim_RequiredPoints","config_tier5_precisionaim_requiredpoints","Tier 5: Precision Aim (bow_step5_precision) - Required Points"
"SkillTree/Bow_Config.cs","Tier6_ExplosiveArrow_RequiredPoints","config_tier6_explosivearrow_requiredpoints","Tier 6: Explosive Arrow (bow_step6_explosive) - Required Points"
"SkillTree/Bow_Config.cs","Tier2_MultishotLv1_ActivationChance","config_tier2_multishotlv1_activationchance","Tier 2: Multishot Lv1 (bow_step2_multishot) - Activation Chance (%)"
"SkillTree/Bow_Config.cs","Tier4_MultishotLv2_ActivationChance","config_tier4_multishotlv2_activationchance","Tier 4: Multishot Lv2 (bow_step4_multishot_lv2) - Activation Chance (%)"
"SkillTree/Bow_Config.cs","Tier2_Multishot_AdditionalArrows","config_tier2_multishot_additionalarrows","Tier 2: Multishot - Additional Arrows Count"
"SkillTree/Bow_Config.cs","Tier2_Multishot_ArrowConsumption","config_tier2_multishot_arrowconsumption","Tier 2: Multishot - Arrow Consumption (0=no extra consumption)"
"SkillTree/Bow_Config.cs","Tier2_Multishot_DamagePerArrow","config_tier2_multishot_damageperarrow","Tier 2: Multishot - Damage Per Additional Arrow (%)"
"SkillTree/Bow_Config.cs","Tier0_BowExpert_DamageBonus","config_tier0_bowexpert_damagebonus","Tier 0: Bow Expert (bow_expert) - Damage Bonus (%)"
"SkillTree/Bow_Config.cs","Tier1_FocusedShot_CritBonus","config_tier1_focusedshot_critbonus","Tier 1: Focused Shot (bow_step2_focus) - Critical Bonus (%)"
"SkillTree/Bow_Config.cs","Tier3_SpeedShot_SkillBonus","config_tier3_speedshot_skillbonus","Tier 3: Speed Shot (bow_step3_speedshot) - Bow Skill Bonus"
"SkillTree/Bow_Config.cs","Tier3_SilentShot_DamageBonus","config_tier3_silentshot_damagebonus","Tier 3: Silent Shot (bow_step3_silentshot) - Damage Bonus (flat)"
"SkillTree/Bow_Config.cs","Tier3_SpecialArrow_Chance","config_tier3_specialarrow_chance","Tier 3: Special Arrow (bow_step3_special) - Activation Chance (%)"
"SkillTree/Bow_Config.cs","Tier4_PowerShot_KnockbackChance","config_tier4_powershot_knockbackchance","Tier 4: Power Shot (bow_step4_powershot) - Knockback Chance (%)"
"SkillTree/Bow_Config.cs","Tier4_PowerShot_KnockbackDistance","config_tier4_powershot_knockbackdistance","Tier 4: Power Shot (bow_step4_powershot) - Knockback Distance (meters)"
"SkillTree/Bow_Config.cs","Tier5_ArrowRain_Chance","config_tier5_arrowrain_chance","Tier 5: Arrow Rain (bow_step5_arrowrain) - Activation Chance (%)"
"SkillTree/Bow_Config.cs","Tier5_ArrowRain_ArrowCount","config_tier5_arrowrain_arrowcount","Tier 5: Arrow Rain (bow_step5_arrowrain) - Additional Arrows Count"
"SkillTree/Bow_Config.cs","Tier5_BackstepShot_CritBonus","config_tier5_backstepshot_critbonus","Tier 5: Backstep Shot (bow_step5_backstep) - Critical Bonus (%)"
"SkillTree/Bow_Config.cs","Tier5_BackstepShot_Duration","config_tier5_backstepshot_duration","Tier 5: Backstep Shot (bow_step5_backstep) - Buff Duration (sec)"
"SkillTree/Bow_Config.cs","Tier5_HuntingInstinct_CritBonus","config_tier5_huntinginstinct_critbonus","Tier 5: Hunting Instinct (bow_step5_instinct) - Critical Bonus (%)"
"SkillTree/Bow_Config.cs","Tier5_PrecisionAim_CritDamage","config_tier5_precisionaim_critdamage","Tier 5: Precision Aim (bow_step5_precision) - Critical Damage (%)"
"SkillTree/Bow_Config.cs","Tier6_CritBoost_DamageBonus","config_tier6_critboost_damagebonus","Tier 6: Crit Boost (bow_step6_critboost) - Damage Bonus (%)"
"SkillTree/Bow_Config.cs","Tier6_CritBoost_CritChance","config_tier6_critboost_critchance","Tier 6: Crit Boost (bow_step6_critboost) - Critical Chance (%)"
"SkillTree/Bow_Config.cs","Tier6_CritBoost_ArrowCount","config_tier6_critboost_arrowcount","Tier 6: Crit Boost (bow_step6_critboost) - Arrow Count"
"SkillTree/Bow_Config.cs","Tier6_CritBoost_Cooldown","config_tier6_critboost_cooldown","Tier 6: Crit Boost (bow_step6_critboost) - Cooldown (sec)"
"SkillTree/Bow_Config.cs","Tier6_CritBoost_StaminaCost","config_tier6_critboost_staminacost","Tier 6: Crit Boost (bow_step6_critboost) - Stamina Cost"
"SkillTree/Bow_Config.cs","Tier6_ExplosiveArrow_DamageMultiplier","config_tier6_explosivearrow_damagemultiplier","Tier 6: Explosive Arrow (bow_step6_explosive) - Damage Multiplier (%)"
"SkillTree/Bow_Config.cs","Tier6_ExplosiveArrow_Cooldown","config_tier6_explosivearrow_cooldown","Tier 6: Explosive Arrow (bow_step6_explosive) - Cooldown (sec)"
"SkillTree/Bow_Config.cs","Tier6_ExplosiveArrow_StaminaCost","config_tier6_explosivearrow_staminacost","Tier 6: Explosive Arrow (bow_step6_explosive) - Stamina Cost"
"SkillTree/Bow_Config.cs","Tier6_ExplosiveArrow_Radius","config_tier6_explosivearrow_radius","Tier 6: Explosive Arrow (bow_step6_explosive) - Explosion Radius (meters)"
"SkillTree/Knife_Config.cs","Tier0_KnifeExpert_BackstabBonus","config_tier0_knifeexpert_backstabbonus","Tier 0: Knife Expert (knife_expert) - Backstab Damage Bonus (%)"
"SkillTree/Knife_Config.cs","Tier0_KnifeExpert_RequiredPoints","config_tier0_knifeexpert_requiredpoints","Tier 0: Knife Expert (knife_expert) - Required Points"
"SkillTree/Knife_Config.cs","Tier1_Evasion_Chance","config_tier1_evasion_chance","Tier 1: Evasion Mastery (knife_step2_evasion) - Evasion Chance (%)"
"SkillTree/Knife_Config.cs","Tier1_Evasion_Duration","config_tier1_evasion_duration","Tier 1: Evasion Mastery (knife_step2_evasion) - Invincibility Duration (sec)"
"SkillTree/Knife_Config.cs","Tier1_Evasion_RequiredPoints","config_tier1_evasion_requiredpoints","Tier 1: Evasion Mastery (knife_step2_evasion) - Required Points"
"SkillTree/Knife_Config.cs","Tier2_FastMove_MoveSpeedBonus","config_tier2_fastmove_movespeedbonus","Tier 2: Fast Movement (knife_step3_movespeed) - Movement Speed Bonus (%)"
"SkillTree/Knife_Config.cs","Tier2_FastMove_RequiredPoints","config_tier2_fastmove_requiredpoints","Tier 2: Fast Movement (knife_step3_movespeed) - Required Points"
"SkillTree/Knife_Config.cs","Tier3_CombatMastery_DamageBonus","config_tier3_combatmastery_damagebonus","Tier 3: Combat Mastery (knife_step4_attackspeed) - Damage Bonus (flat)"
"SkillTree/Knife_Config.cs","Tier3_CombatMastery_BuffDuration","config_tier3_combatmastery_buffduration","Tier 3: Combat Mastery (knife_step4_attackspeed) - Buff Duration (sec)"
"SkillTree/Knife_Config.cs","Tier3_CombatMastery_RequiredPoints","config_tier3_combatmastery_requiredpoints","Tier 3: Combat Mastery (knife_step4_attackspeed) - Required Points"
"SkillTree/Knife_Config.cs","Tier4_AttackEvasion_EvasionBonus","config_tier4_attackevasion_evasionbonus","Tier 4: Attack & Evasion (knife_step5_critrate) - Evasion Rate Bonus (%)"
"SkillTree/Knife_Config.cs","Tier4_AttackEvasion_BuffDuration","config_tier4_attackevasion_buffduration","Tier 4: Attack & Evasion (knife_step5_critrate) - Buff Duration (sec)"
"SkillTree/Knife_Config.cs","Tier4_AttackEvasion_Cooldown","config_tier4_attackevasion_cooldown","Tier 4: Attack & Evasion (knife_step5_critrate) - Cooldown (sec)"
"SkillTree/Knife_Config.cs","Tier4_AttackEvasion_RequiredPoints","config_tier4_attackevasion_requiredpoints","Tier 4: Attack & Evasion (knife_step5_critrate) - Required Points"
"SkillTree/Knife_Config.cs","Tier5_CriticalDamage_DamageBonus","config_tier5_criticaldamage_damagebonus","Tier 5: Critical Damage (knife_step6_combatdamage) - Damage Bonus (%)"
"SkillTree/Knife_Config.cs","Tier5_CriticalDamage_RequiredPoints","config_tier5_criticaldamage_requiredpoints","Tier 5: Critical Damage (knife_step6_combatdamage) - Required Points"
"SkillTree/Knife_Config.cs","Tier6_Assassin_CritDamageBonus","config_tier6_assassin_critdamagebonus","Tier 6: Assassin (knife_step7_execution) - Critical Damage Bonus (%)"
"SkillTree/Knife_Config.cs","Tier6_Assassin_CritChanceBonus","config_tier6_assassin_critchancebonus","Tier 6: Assassin (knife_step7_execution) - Critical Chance Bonus (%)"
"SkillTree/Knife_Config.cs","Tier6_Assassin_RequiredPoints","config_tier6_assassin_requiredpoints","Tier 6: Assassin (knife_step7_execution) - Required Points"
"SkillTree/Knife_Config.cs","Tier7_Assassination_StaggerChance","config_tier7_assassination_staggerchance","Tier 7: Assassination (knife_step8_assassination) - Stagger Chance (%)"
"SkillTree/Knife_Config.cs","Tier7_Assassination_RequiredComboHits","config_tier7_assassination_requiredcombohits","Tier 7: Assassination (knife_step8_assassination) - Required Combo Hits"
"SkillTree/Knife_Config.cs","Tier7_Assassination_RequiredPoints","config_tier7_assassination_requiredpoints","Tier 7: Assassination (knife_step8_assassination) - Required Points"
"SkillTree/Knife_Config.cs","Tier8_AssassinHeart_CritDamageMultiplier","config_tier8_assassinheart_critdamagemultiplier","Tier 8: Assassin's Heart (knife_step9_assassin_heart) - Critical Damage Multiplier"
"SkillTree/Knife_Config.cs","Tier8_AssassinHeart_Duration","config_tier8_assassinheart_duration","Tier 8: Assassin's Heart (knife_step9_assassin_heart) - Buff Duration (sec)"
"SkillTree/Knife_Config.cs","Tier8_AssassinHeart_StaminaCost","config_tier8_assassinheart_staminacost","Tier 8: Assassin's Heart (knife_step9_assassin_heart) - Stamina Cost"
"SkillTree/Knife_Config.cs","Tier8_AssassinHeart_Cooldown","config_tier8_assassinheart_cooldown","Tier 8: Assassin's Heart (knife_step9_assassin_heart) - Cooldown (sec)"
"SkillTree/Knife_Config.cs","Tier8_AssassinHeart_TeleportRange","config_tier8_assassinheart_teleportrange","Tier 8: Assassin's Heart (knife_step9_assassin_heart) - Teleport Search Range (meters)"
"SkillTree/Knife_Config.cs","Tier8_AssassinHeart_TeleportBackDistance","config_tier8_assassinheart_teleportbackdistance","Tier 8: Assassin's Heart (knife_step9_assassin_heart) - Teleport Behind Distance (meters)"
"SkillTree/Knife_Config.cs","Tier8_AssassinHeart_StunDuration","config_tier8_assassinheart_stunduration","Tier 8: Assassin's Heart (knife_step9_assassin_heart) - Stun Duration (sec)"
"SkillTree/Knife_Config.cs","Tier8_AssassinHeart_ComboAttackCount","config_tier8_assassinheart_comboattackcount","Tier 8: Assassin's Heart (knife_step9_assassin_heart) - Combo Attack Count"
"SkillTree/Knife_Config.cs","Tier8_AssassinHeart_AttackInterval","config_tier8_assassinheart_attackinterval","Tier 8: Assassin's Heart (knife_step9_assassin_heart) - Attack Interval (sec)"
"SkillTree/Knife_Config.cs","Tier8_AssassinHeart_RequiredPoints","config_tier8_assassinheart_requiredpoints","Tier 8: Assassin's Heart (knife_step9_assassin_heart) - Required Points"
"SkillTree/Spear_Config.cs","Tier0_SpearExpert_RequiredPoints","config_tier0_spearexpert_requiredpoints","Tier 0: Spear Expert (spear_expert) - Required Points"
"SkillTree/Spear_Config.cs","Tier1_QuickStrike_RequiredPoints","config_tier1_quickstrike_requiredpoints","Tier 1: Quick Strike (spear_step1_quickstrike) - Required Points"
"SkillTree/Spear_Config.cs","Tier2_Throw_RequiredPoints","config_tier2_throw_requiredpoints","Tier 2: Spear Throw (spear_step2_throw) - Required Points"
"SkillTree/Spear_Config.cs","Tier3_Pierce_RequiredPoints","config_tier3_pierce_requiredpoints","Tier 3: Pierce (spear_step3_pierce) - Required Points"
"SkillTree/Spear_Config.cs","Tier4_Evasion_RequiredPoints","config_tier4_evasion_requiredpoints","Tier 4: Evasion Master (spear_step4_evasion) - Required Points"
"SkillTree/Spear_Config.cs","Tier5_Penetrate_RequiredPoints","config_tier5_penetrate_requiredpoints","Tier 5: Penetrate (spear_step5_penetrate) - Required Points"
"SkillTree/Spear_Config.cs","Tier5_Combo_RequiredPoints","config_tier5_combo_requiredpoints","Tier 5: Combo Spear (spear_step5_combo) - Required Points"
"SkillTree/Spear_Config.cs","Tier0_SpearExpert_2HitAttackSpeed","config_tier0_spearexpert_2hitattackspeed","Tier 0: Spear Expert (spear_expert) - Attack Speed Bonus on 2-Hit (%)"
"SkillTree/Spear_Config.cs","Tier0_SpearExpert_2HitDamageBonus","config_tier0_spearexpert_2hitdamagebonus","Tier 0: Spear Expert (spear_expert) - Damage Bonus on 2-Hit (%)"
"SkillTree/Spear_Config.cs","Tier0_SpearExpert_EffectDuration","config_tier0_spearexpert_effectduration","Tier 0: Spear Expert (spear_expert) - Buff Duration (sec)"
"SkillTree/Spear_Config.cs","Tier2_Throw_Cooldown","config_tier2_throw_cooldown","Tier 2: Spear Throw (spear_step2_throw) - Cooldown (sec)"
"SkillTree/Spear_Config.cs","Tier2_Throw_DamageMultiplier","config_tier2_throw_damagemultiplier","Tier 2: Spear Throw (spear_step2_throw) - Damage Multiplier (%)"
"SkillTree/Spear_Config.cs","Tier2_Throw_BuffDuration_NotUsed","config_tier2_throw_buffduration_notused","Tier 2: Spear Throw (spear_step2_throw) - Buff Duration (NOT USED)"
"SkillTree/Spear_Config.cs","Tier1_VitalStrike_DamageBonus","config_tier1_vitalstrike_damagebonus","Tier 1: Vital Strike (spear_step1_vitalstrike) - Critical Damage Bonus (%)"
"SkillTree/Spear_Config.cs","Tier3_Rapid_DamageBonus","config_tier3_rapid_damagebonus","Tier 3: Rapid Pierce (spear_step3_rapid) - Damage Bonus (flat)"
"SkillTree/Spear_Config.cs","Tier4_Evasion_DamageBonus","config_tier4_evasion_damagebonus","Tier 4: Evasion Master (spear_step4_evasion) - Damage Bonus (%)"
"SkillTree/Spear_Config.cs","Tier4_Evasion_StaminaReduction","config_tier4_evasion_staminareduction","Tier 4: Evasion Master (spear_step4_evasion) - Stamina Reduction (%)"
"SkillTree/Spear_Config.cs","Tier3_Explosion_Chance","config_tier3_explosion_chance","Tier 3: Explosive Spear (spear_step3_explosion) - Activation Chance (%)"
"SkillTree/Spear_Config.cs","Tier3_Explosion_Radius","config_tier3_explosion_radius","Tier 3: Explosive Spear (spear_step3_explosion) - Explosion Radius (meters)"
"SkillTree/Spear_Config.cs","Tier3_Explosion_DamageBonus","config_tier3_explosion_damagebonus","Tier 3: Explosive Spear (spear_step3_explosion) - Explosion Damage Bonus (%)"
"SkillTree/Spear_Config.cs","Tier4_Dual_DamageBonus","config_tier4_dual_damagebonus","Tier 4: Dual Spear (spear_step4_dual) - Damage Bonus (%)"
"SkillTree/Spear_Config.cs","Tier4_Dual_Duration","config_tier4_dual_duration","Tier 4: Dual Spear (spear_step4_dual) - Buff Duration (sec)"
"SkillTree/Spear_Config.cs","Tier5_Penetrate_CritChance_NotUsed","config_tier5_penetrate_critchance_notused","Tier 5: Penetrate (spear_step5_penetrate) - Critical Chance (NOT USED)"
"SkillTree/Spear_Config.cs","Tier5_Penetrate_BuffDuration","config_tier5_penetrate_buffduration","Tier 5: Penetrate (spear_step5_penetrate) - Buff Duration (sec)"
"SkillTree/Spear_Config.cs","Tier5_Penetrate_LightningDamage","config_tier5_penetrate_lightningdamage","Tier 5: Penetrate (spear_step5_penetrate) - Lightning Damage (%)"
"SkillTree/Spear_Config.cs","Tier5_Penetrate_HitCount","config_tier5_penetrate_hitcount","Tier 5: Penetrate (spear_step5_penetrate) - Required Hit Count"
"SkillTree/Spear_Config.cs","Tier5_Penetrate_GKey_Cooldown","config_tier5_penetrate_gkey_cooldown","Tier 5: Penetrate (spear_step5_penetrate) - G-Key Cooldown (sec)"
"SkillTree/Spear_Config.cs","Tier5_Penetrate_GKey_StaminaCost","config_tier5_penetrate_gkey_staminacost","Tier 5: Penetrate (spear_step5_penetrate) - G-Key Stamina Cost"
"SkillTree/Spear_Config.cs","Tier5_Combo_HKey_Cooldown","config_tier5_combo_hkey_cooldown","Tier 5: Combo Spear (spear_step5_combo) - H-Key Cooldown (sec)"
"SkillTree/Spear_Config.cs","Tier5_Combo_HKey_DamageMultiplier","config_tier5_combo_hkey_damagemultiplier","Tier 5: Combo Spear (spear_step5_combo) - H-Key Damage Multiplier (%)"
"SkillTree/Spear_Config.cs","Tier5_Combo_HKey_StaminaCost","config_tier5_combo_hkey_staminacost","Tier 5: Combo Spear (spear_step5_combo) - H-Key Stamina Cost"
"SkillTree/Spear_Config.cs","Tier5_Combo_HKey_KnockbackRange","config_tier5_combo_hkey_knockbackrange","Tier 5: Combo Spear (spear_step5_combo) - H-Key Knockback Range (meters)"
"SkillTree/Spear_Config.cs","Tier5_Combo_ActiveRange","config_tier5_combo_activerange","Tier 5: Combo Spear (spear_step5_combo) - Active Range (meters)"
"SkillTree/Spear_Config.cs","Tier5_Combo_BuffDuration","config_tier5_combo_buffduration","Tier 5: Combo Spear (spear_step5_combo) - Buff Duration (sec)"
"SkillTree/Spear_Config.cs","Tier5_Combo_MaxUses","config_tier5_combo_maxuses","Tier 5: Combo Spear (spear_step5_combo) - Max Uses"
"SkillTree/Mace_Config.cs","Tier0_MaceExpert_RequiredPoints","config_tier0_maceexpert_requiredpoints","Tier 0: Mace Expert (mace_expert) - Required Points"
"SkillTree/Mace_Config.cs","Tier0_MaceExpert_DamageBonus","config_tier0_maceexpert_damagebonus","Tier 0: Mace Expert (mace_expert) - Damage Bonus (%)"
"SkillTree/Mace_Config.cs","Tier0_MaceExpert_StunChance","config_tier0_maceexpert_stunchance","Tier 0: Mace Expert (mace_expert) - Stun Chance (%)"
"SkillTree/Mace_Config.cs","Tier0_MaceExpert_StunDuration","config_tier0_maceexpert_stunduration","Tier 0: Mace Expert (mace_expert) - Stun Duration (sec)"
"SkillTree/Mace_Config.cs","Tier1_MaceExpert_RequiredPoints","config_tier1_maceexpert_requiredpoints","Tier 1: Mace Expert (mace_Step1_damage) - Required Points"
"SkillTree/Mace_Config.cs","Tier1_MaceExpert_DamageBonus","config_tier1_maceexpert_damagebonus","Tier 1: Mace Expert (mace_Step1_damage) - Mace Damage Bonus (%)"
"SkillTree/Mace_Config.cs","Tier2_StunBoost_RequiredPoints","config_tier2_stunboost_requiredpoints","Tier 2: Stun Boost (mace_Step2_stun_boost) - Required Points"
"SkillTree/Mace_Config.cs","Tier2_StunBoost_StunChanceBonus","config_tier2_stunboost_stunchancebonus","Tier 2: Stun Boost (mace_Step2_stun_boost) - Stun Chance Bonus (%)"
"SkillTree/Mace_Config.cs","Tier2_StunBoost_StunDurationBonus","config_tier2_stunboost_stundurationbonus","Tier 2: Stun Boost (mace_Step2_stun_boost) - Stun Duration Bonus (sec)"
"SkillTree/Mace_Config.cs","Tier3_Guard_RequiredPoints","config_tier3_guard_requiredpoints","Tier 3: Guard (mace_Step3_branch_guard) - Required Points"
"SkillTree/Mace_Config.cs","Tier3_Guard_ArmorBonus","config_tier3_guard_armorbonus","Tier 3: Guard (mace_Step3_branch_guard) - Armor Bonus (flat)"
"SkillTree/Mace_Config.cs","Tier3_HeavyStrike_RequiredPoints","config_tier3_heavystrike_requiredpoints","Tier 3: Heavy Strike (mace_Step3_branch_heavy) - Required Points"
"SkillTree/Mace_Config.cs","Tier3_HeavyStrike_DamageBonus","config_tier3_heavystrike_damagebonus","Tier 3: Heavy Strike (mace_Step3_branch_heavy) - Damage Bonus (flat)"
"SkillTree/Mace_Config.cs","Tier4_Push_RequiredPoints","config_tier4_push_requiredpoints","Tier 4: Push (mace_Step4_push) - Required Points"
"SkillTree/Mace_Config.cs","Tier4_Push_KnockbackChance","config_tier4_push_knockbackchance","Tier 4: Push (mace_Step4_push) - Knockback Chance (%)"
"SkillTree/Mace_Config.cs","Tier5_Tank_RequiredPoints","config_tier5_tank_requiredpoints","Tier 5: Tank (mace_Step5_tank) - Required Points"
"SkillTree/Mace_Config.cs","Tier5_Tank_HealthBonus","config_tier5_tank_healthbonus","Tier 5: Tank (mace_Step5_tank) - Health Bonus (%)"
"SkillTree/Mace_Config.cs","Tier5_Tank_DamageReduction","config_tier5_tank_damagereduction","Tier 5: Tank (mace_Step5_tank) - Incoming Damage Reduction (%)"
"SkillTree/Mace_Config.cs","Tier5_DPS_RequiredPoints","config_tier5_dps_requiredpoints","Tier 5: DPS (mace_Step5_dps) - Required Points"
"SkillTree/Mace_Config.cs","Tier5_DPS_DamageBonus","config_tier5_dps_damagebonus","Tier 5: DPS (mace_Step5_dps) - Damage Bonus (%)"
"SkillTree/Mace_Config.cs","Tier5_DPS_AttackSpeedBonus","config_tier5_dps_attackspeedbonus","Tier 5: DPS (mace_Step5_dps) - Attack Speed Bonus (%)"
"SkillTree/Mace_Config.cs","Tier6_Grandmaster_RequiredPoints","config_tier6_grandmaster_requiredpoints","Tier 6: Grandmaster (mace_Step6_grandmaster) - Required Points"
"SkillTree/Mace_Config.cs","Tier6_Grandmaster_ArmorBonus","config_tier6_grandmaster_armorbonus","Tier 6: Grandmaster (mace_Step6_grandmaster) - Armor Bonus (%)"
"SkillTree/Mace_Config.cs","Tier7_FuryHammer_RequiredPoints","config_tier7_furyhammer_requiredpoints","Tier 7: Fury Hammer (mace_step7_fury_hammer) - Required Points"
"SkillTree/Mace_Config.cs","Tier7_FuryHammer_NormalHitMultiplier","config_tier7_furyhammer_normalhitmultiplier","Tier 7: Fury Hammer (mace_step7_fury_hammer) - Hits 1-4 Damage Multiplier (%) - Based on Current Attack"
"SkillTree/Mace_Config.cs","Tier7_FuryHammer_FinalHitMultiplier","config_tier7_furyhammer_finalhitmultiplier","Tier 7: Fury Hammer (mace_step7_fury_hammer) - Hit 5 (Final) Damage Multiplier (%) - Based on Current Attack"
"SkillTree/Mace_Config.cs","Tier7_FuryHammer_StaminaCost","config_tier7_furyhammer_staminacost","Tier 7: Fury Hammer (mace_step7_fury_hammer) - Stamina Cost"
"SkillTree/Mace_Config.cs","Tier7_FuryHammer_Cooldown","config_tier7_furyhammer_cooldown","Tier 7: Fury Hammer (mace_step7_fury_hammer) - Cooldown (sec)"
"SkillTree/Mace_Config.cs","Tier7_FuryHammer_AoeRadius","config_tier7_furyhammer_aoeradius","Tier 7: Fury Hammer (mace_step7_fury_hammer) - AOE Radius (meters)"
"SkillTree/Mace_Config.cs","Tier7_GuardianHeart_Cooldown","config_tier7_guardianheart_cooldown","Tier 7: Guardian Heart (mace_step7_guardian_heart) - Cooldown (sec)"
"SkillTree/Mace_Config.cs","Tier7_GuardianHeart_StaminaCost","config_tier7_guardianheart_staminacost","Tier 7: Guardian Heart (mace_step7_guardian_heart) - Stamina Cost"
"SkillTree/Mace_Config.cs","Tier7_GuardianHeart_Duration","config_tier7_guardianheart_duration","Tier 7: Guardian Heart (mace_step7_guardian_heart) - Buff Duration (sec)"
"SkillTree/Mace_Config.cs","Tier7_GuardianHeart_ReflectPercent","config_tier7_guardianheart_reflectpercent","Tier 7: Guardian Heart (mace_step7_guardian_heart) - Reflect Damage Percentage (%)"
"SkillTree/Mace_Config.cs","Tier7_GuardianHeart_RequiredPoints","config_tier7_guardianheart_requiredpoints","Tier 7: Guardian Heart (mace_step7_guardian_heart) - Required Points"
"SkillTree/Speed_Config.cs","Tier0_SpeedExpert_RequiredPoints","config_tier0_speedexpert_requiredpoints","Tier 0: Speed Expert (speed_root) - Required Points"
"SkillTree/Speed_Config.cs","Tier1_AgilityBase_RequiredPoints","config_tier1_agilitybase_requiredpoints","Tier 1: Agility Base (speed_base) - Required Points"
"SkillTree/Speed_Config.cs","Tier2_WeaponSpec_RequiredPoints","config_tier2_weaponspec_requiredpoints","Tier 2: Weapon Specialization Skills - Required Points"
"SkillTree/Speed_Config.cs","Tier3_Practitioner_RequiredPoints","config_tier3_practitioner_requiredpoints","Tier 3: Practitioner Skills - Required Points"
"SkillTree/Speed_Config.cs","Tier4_Master_RequiredPoints","config_tier4_master_requiredpoints","Tier 4: Master Skills - Required Points"
"SkillTree/Speed_Config.cs","Tier5_JumpMaster_RequiredPoints","config_tier5_jumpmaster_requiredpoints","Tier 5: Jump Master (agility_peak) - Required Points"
"SkillTree/Speed_Config.cs","Tier6_Stats_RequiredPoints","config_tier6_stats_requiredpoints","Tier 6: Stats Skills - Required Points"
"SkillTree/Speed_Config.cs","Tier7_Master_RequiredPoints","config_tier7_master_requiredpoints","Tier 7: Master (all_master) - Required Points"
"SkillTree/Speed_Config.cs","Tier8_FinalAcceleration_RequiredPoints","config_tier8_finalacceleration_requiredpoints","Tier 8: Final Acceleration Skills - Required Points"
"SkillTree/Speed_Config.cs","Tier0_SpeedExpert_MoveSpeedBonus","config_tier0_speedexpert_movespeedbonus","Tier 0: Speed Expert - Move Speed Bonus (%)"
"SkillTree/Speed_Config.cs","Tier1_AgilityBase_DodgeMoveSpeedBonus","config_tier1_agilitybase_dodgemovespeedbonus","Tier 1: Agility Base - Move Speed Bonus After Dodge (%)"
"SkillTree/Speed_Config.cs","Tier1_AgilityBase_BuffDuration","config_tier1_agilitybase_buffduration","Tier 1: Agility Base - Dodge Buff Duration (sec)"
"SkillTree/Speed_Config.cs","Tier2_MeleeFlow_AttackSpeedBonus","config_tier2_meleeflow_attackspeedbonus","Tier 2: Melee Flow - Attack Speed Bonus on 2-Hit Combo (%)"
"SkillTree/Speed_Config.cs","Tier2_MeleeFlow_StaminaReduction","config_tier2_meleeflow_staminareduction","Tier 2: Melee Flow - Stamina Reduction on 2-Hit Combo (%)"
"SkillTree/Speed_Config.cs","Tier2_MeleeFlow_Duration","config_tier2_meleeflow_duration","Tier 2: Melee Flow - Buff Duration (sec)"
"SkillTree/Speed_Config.cs","Tier2_CrossbowExpert_MoveSpeedBonus","config_tier2_crossbowexpert_movespeedbonus","Tier 2: Crossbow Expert - Move Speed Bonus on Hit (%)"
"SkillTree/Speed_Config.cs","Tier2_CrossbowExpert_BuffDuration","config_tier2_crossbowexpert_buffduration","Tier 2: Crossbow Expert - Buff Duration (sec)"
"SkillTree/Speed_Config.cs","Tier2_CrossbowExpert_ReloadSpeedBonus","config_tier2_crossbowexpert_reloadspeedbonus","Tier 2: Crossbow Expert - Reload Speed Bonus During Buff (%)"
"SkillTree/Speed_Config.cs","Tier2_BowExpert_StaminaReduction","config_tier2_bowexpert_staminareduction","Tier 2: Bow Expert - Stamina Reduction on 2-Hit Combo (%)"
"SkillTree/Speed_Config.cs","Tier2_BowExpert_NextDrawSpeedBonus","config_tier2_bowexpert_nextdrawspeedbonus","Tier 2: Bow Expert - Next Arrow Draw Speed Bonus (%)"
"SkillTree/Speed_Config.cs","Tier2_MobileCast_MoveSpeedBonus","config_tier2_mobilecast_movespeedbonus","Tier 2: Mobile Cast - Move Speed Bonus While Casting (%)"
"SkillTree/Speed_Config.cs","Tier2_MobileCast_EitrReduction","config_tier2_mobilecast_eitrreduction","Tier 2: Mobile Cast - Eitr Cost Reduction (%)"
"SkillTree/Speed_Config.cs","Tier3_Practitioner1_MeleeSkillBonus","config_tier3_practitioner1_meleeskillbonus","Tier 3: Practitioner 1 - Melee Weapon Skill Bonus"
"SkillTree/Speed_Config.cs","Tier3_Practitioner1_CrossbowSkillBonus","config_tier3_practitioner1_crossbowskillbonus","Tier 3: Practitioner 1 - Crossbow Skill Bonus"
"SkillTree/Speed_Config.cs","Tier3_Practitioner2_StaffSkillBonus","config_tier3_practitioner2_staffskillbonus","Tier 3: Practitioner 2 - Staff Skill Bonus"
"SkillTree/Speed_Config.cs","Tier3_Practitioner2_BowSkillBonus","config_tier3_practitioner2_bowskillbonus","Tier 3: Practitioner 2 - Bow Skill Bonus"
"SkillTree/Speed_Config.cs","Tier4_Energizer_FoodConsumptionReduction","config_tier4_energizer_foodconsumptionreduction","Tier 4: Energizer - Food Consumption Rate Reduction (%)"
"SkillTree/Speed_Config.cs","Tier4_Captain_ShipSpeedBonus","config_tier4_captain_shipspeedbonus","Tier 4: Captain - Ship Speed Bonus (%)"
"SkillTree/Speed_Config.cs","Tier5_JumpMaster_JumpSkillBonus","config_tier5_jumpmaster_jumpskillbonus","Tier 5: Jump Master - Jump Skill Bonus"
"SkillTree/Speed_Config.cs","Tier5_JumpMaster_JumpStaminaReduction","config_tier5_jumpmaster_jumpstaminareduction","Tier 5: Jump Master - Jump Stamina Reduction (%)"
"SkillTree/Speed_Config.cs","Tier6_Dexterity_MeleeAttackSpeedBonus","config_tier6_dexterity_meleeattackspeedbonus","Tier 6: Dexterity - Melee Attack Speed Bonus (%)"
"SkillTree/Speed_Config.cs","Tier6_Dexterity_MoveSpeedBonus","config_tier6_dexterity_movespeedbonus","Tier 6: Dexterity - Move Speed Bonus (%)"
"SkillTree/Speed_Config.cs","Tier6_Endurance_StaminaMaxBonus","config_tier6_endurance_staminamaxbonus","Tier 6: Endurance - Max Stamina Bonus"
"SkillTree/Speed_Config.cs","Tier6_Intellect_EitrMaxBonus","config_tier6_intellect_eitrmaxbonus","Tier 6: Intellect - Max Eitr Bonus"
"SkillTree/Speed_Config.cs","Tier7_Master_RunSkillBonus","config_tier7_master_runskillbonus","Tier 7: Master - Run Skill Bonus"
"SkillTree/Speed_Config.cs","Tier7_Master_JumpSkillBonus","config_tier7_master_jumpskillbonus","Tier 7: Master - Jump Skill Bonus"
"SkillTree/Speed_Config.cs","Tier8_MeleeAccel_AttackSpeedBonus","config_tier8_meleeaccel_attackspeedbonus","Tier 8: Melee Acceleration - Melee Attack Speed Bonus (%)"
"SkillTree/Speed_Config.cs","Tier8_MeleeAccel_TripleComboBonus","config_tier8_meleeaccel_triplecombobonus","Tier 8: Melee Acceleration - Next Attack Speed Bonus on 3-Hit Combo (%)"
"SkillTree/Speed_Config.cs","Tier8_CrossbowAccel_ReloadSpeed","config_tier8_crossbowaccel_reloadspeed","Tier 8: Crossbow Acceleration - Reload Speed Bonus (%)"
"SkillTree/Speed_Config.cs","Tier8_CrossbowAccel_ReloadMoveSpeed","config_tier8_crossbowaccel_reloadmovespeed","Tier 8: Crossbow Acceleration - Move Speed During Reload (%)"
"SkillTree/Speed_Config.cs","Tier8_BowAccel_DrawSpeed","config_tier8_bowaccel_drawspeed","Tier 8: Bow Acceleration - Draw Speed Bonus (%)"
"SkillTree/Speed_Config.cs","Tier8_BowAccel_DrawMoveSpeed","config_tier8_bowaccel_drawmovespeed","Tier 8: Bow Acceleration - Move Speed While Drawing (%)"
"SkillTree/Speed_Config.cs","Tier8_CastAccel_MagicAttackSpeed","config_tier8_castaccel_magicattackspeed","Tier 8: Cast Acceleration - Magic Attack Speed Bonus (%)"
"SkillTree/Speed_Config.cs","Tier8_CastAccel_TripleEitrRecovery","config_tier8_castaccel_tripleeitrrecovery","Tier 8: Cast Acceleration - Eitr Max Recovery Rate on 3-Hit Combo (%)"
"SkillTree/Speed_Config.cs","Tier1_AgilityBase_AttackSpeedBonus","config_tier1_agilitybase_attackspeedbonus","Tier 1: Agility Base - Attack Speed Bonus (%)"
"SkillTree/Speed_Config.cs","Tier1_AgilityBase_DodgeSpeedBonus","config_tier1_agilitybase_dodgespeedbonus","Tier 1: Agility Base - Dodge Speed Bonus (%)"
"SkillTree/Speed_Config.cs","Tier0_SpeedExpert_BaseMoveSpeedBonus","config_tier0_speedexpert_basemovespeedbonus","Tier 0: Speed Expert - Base Move Speed Bonus (%)"
"SkillTree/Speed_Config.cs","Tier2_MeleeFlow_ComboSpeedBonus","config_tier2_meleeflow_combospeedbonus","Tier 2: Melee Flow - Melee Combo Speed Bonus (%)"
"SkillTree/Speed_Config.cs","Tier2_BowExpert_BuffDuration","config_tier2_bowexpert_buffduration","Tier 2: Bow Expert - Buff Duration (sec)"
"SkillTree/Speed_Config.cs","Tier2_MobileCast_CastMoveSpeed","config_tier2_mobilecast_castmovespeed","Tier 2: Mobile Cast - Move Speed While Staff Casting (%)"
"SkillTree/Speed_Config.cs","Tier0_SpeedExpert_CooldownReduction","config_tier0_speedexpert_cooldownreduction","Tier 0: Speed Expert - Cooldown Reduction (sec)"
"SkillTree/Attack_Config.cs","Tier0_AttackExpert_RequiredPoints","config_tier0_attackexpert_requiredpoints","Tier 0: Attack Expert (attack_root) - Required Points"
"SkillTree/Attack_Config.cs","Tier1_BaseAttack_RequiredPoints","config_tier1_baseattack_requiredpoints","Tier 1: Base Attack (atk_base) - Required Points"
"SkillTree/Attack_Config.cs","Tier2_WeaponSpec_RequiredPoints","config_tier2_weaponspec_requiredpoints","Tier 2: Weapon Specialization Skills - Required Points"
"SkillTree/Attack_Config.cs","Tier3_AttackBoost_RequiredPoints","config_tier3_attackboost_requiredpoints","Tier 3: Attack Boost (atk_twohand_drain) - Required Points"
"SkillTree/Attack_Config.cs","Tier4_DetailEnhance_RequiredPoints","config_tier4_detailenhance_requiredpoints","Tier 4: Detail Enhancement (Melee/Precision) - Required Points"
"SkillTree/Attack_Config.cs","Tier4_RangedEnhance_RequiredPoints","config_tier4_rangedenhance_requiredpoints","Tier 4: Ranged Enhancement (atk_ranged_enhance) - Required Points"
"SkillTree/Attack_Config.cs","Tier5_SpecialStat_RequiredPoints","config_tier5_specialstat_requiredpoints","Tier 5: Specialized Stats (atk_special) - Required Points"
"SkillTree/Attack_Config.cs","Tier6_FinalSpec_RequiredPoints","config_tier6_finalspec_requiredpoints","Tier 6: Final Specialization Skills - Required Points"
"SkillTree/Attack_Config.cs","Tier0_AttackExpert_AllDamageBonus","config_tier0_attackexpert_alldamagebonus","[Server Sync] Tier 0: Attack Expert (attack_root) - All Damage Bonus (%)"
"SkillTree/Attack_Config.cs","Tier2_MeleeSpec_BonusTriggerChance","config_tier2_meleespec_bonustriggerchance","Tier 2: Melee Spec (attack_step2_melee) - Bonus Trigger Chance (%)"
"SkillTree/Attack_Config.cs","Tier2_MeleeSpec_MeleeDamage","config_tier2_meleespec_meleedamage","Tier 2: Melee Spec (attack_step2_melee) - Melee Damage (%)"
"SkillTree/Attack_Config.cs","Tier2_BowSpec_BonusTriggerChance","config_tier2_bowspec_bonustriggerchance","Tier 2: Bow Spec (attack_step2_bow) - Bonus Trigger Chance (%)"
"SkillTree/Attack_Config.cs","Tier2_BowSpec_BowDamage","config_tier2_bowspec_bowdamage","Tier 2: Bow Spec (attack_step2_bow) - Bow Damage (%)"
"SkillTree/Attack_Config.cs","Tier2_CrossbowSpec_EnhanceTriggerChance","config_tier2_crossbowspec_enhancetriggerchance","Tier 2: Crossbow Spec (attack_step2_crossbow) - Enhance Trigger Chance (%)"
"SkillTree/Attack_Config.cs","Tier2_CrossbowSpec_CrossbowDamage","config_tier2_crossbowspec_crossbowdamage","Tier 2: Crossbow Spec (attack_step2_crossbow) - Crossbow Damage (%)"
"SkillTree/Attack_Config.cs","Tier2_StaffSpec_ElementalTriggerChance","config_tier2_staffspec_elementaltriggerchance","Tier 2: Staff Spec (attack_step2_staff) - Elemental Trigger Chance (%)"
"SkillTree/Attack_Config.cs","Tier2_StaffSpec_StaffDamage","config_tier2_staffspec_staffdamage","Tier 2: Staff Spec (attack_step2_staff) - Staff Damage (%)"
"SkillTree/Attack_Config.cs","Tier3_BaseAttack_PhysicalDamageBonus","config_tier3_baseattack_physicaldamagebonus","Tier 3: Base Attack (attack_step3_base) - Physical Damage Bonus"
"SkillTree/Attack_Config.cs","Tier3_BaseAttack_ElementalDamageBonus","config_tier3_baseattack_elementaldamagebonus","Tier 3: Base Attack (attack_step3_base) - Elemental Damage Bonus"
"SkillTree/Attack_Config.cs","Tier3_AttackBoost_StrIntBonus","config_tier3_attackboost_strintbonus","Tier 3: Attack Boost (atk_twohand_drain) - Strength & Intelligence Bonus"
"SkillTree/Attack_Config.cs","Tier3_AttackBoost_PhysicalDamageBonus","config_tier3_attackboost_physicaldamagebonus","Tier 3: Attack Boost (atk_twohand_drain) - Physical Damage Bonus"
"SkillTree/Attack_Config.cs","Tier3_AttackBoost_ElementalDamageBonus","config_tier3_attackboost_elementaldamagebonus","Tier 3: Attack Boost (atk_twohand_drain) - Elemental Damage Bonus"
"SkillTree/Attack_Config.cs","Tier4_PrecisionAttack_CritChance","config_tier4_precisionattack_critchance","Tier 4: Precision Attack (attack_step4_crit) - Crit Chance (%)"
"SkillTree/Attack_Config.cs","Tier4_MeleeEnhance_2HitComboBonus","config_tier4_meleeenhance_2hitcombobonus","Tier 4: Melee Enhancement (attack_step4_melee_enhance) - 2-Hit Combo Bonus (%)"
"SkillTree/Attack_Config.cs","Tier4_RangedEnhance_RangedDamageBonus","config_tier4_rangedenhance_rangeddamagebonus","Tier 4: Ranged Enhancement (attack_step4_ranged_enhance) - Ranged Damage Bonus (%)"
"SkillTree/Attack_Config.cs","Tier5_SpecialStat_SpecBonus","config_tier5_specialstat_specbonus","Tier 5: Specialized Stats (attack_step5_special) - Specialization Bonus"
"SkillTree/Attack_Config.cs","Tier6_WeakPointAttack_CritDamageBonus","config_tier6_weakpointattack_critdamagebonus","Tier 6: Weak Point Attack (attack_step6_crit_damage) - Crit Damage Bonus (%)"
"SkillTree/Attack_Config.cs","Tier6_TwoHandCrush_TwoHandDamageBonus","config_tier6_twohandcrush_twohanddamagebonus","Tier 6: Two-Hand Crush (attack_step6_twohanded) - Two-Handed Weapon Damage Bonus (%)"
"SkillTree/Attack_Config.cs","Tier6_ElementalAttack_ElementalBonus","config_tier6_elementalattack_elementalbonus","Tier 6: Elemental Attack (attack_step6_elemental) - Elemental Bonus (Bow, Staff) (%)"
"SkillTree/Attack_Config.cs","Tier6_ComboFinisher_3HitComboBonus","config_tier6_combofinisher_3hitcombobonus","Tier 6: Combo Finisher (attack_step6_finisher) - 3-Hit Combo Bonus (%)"
"SkillTree/Defense_Config.cs","Tier0_DefenseExpert_RequiredPoints","config_tier0_defenseexpert_requiredpoints","Tier 0: Defense Expert (defense_root) - Required Points"
"SkillTree/Defense_Config.cs","Tier1_SkinHardening_RequiredPoints","config_tier1_skinhardening_requiredpoints","Tier 1: Skin Hardening (defense_Step1_survival) - Required Points"
"SkillTree/Defense_Config.cs","Tier2_MindBodyHealth_RequiredPoints","config_tier2_mindbodyhealth_requiredpoints","Tier 2: Mind-Body Training / Health Training - Required Points"
"SkillTree/Defense_Config.cs","Tier3_CoreDodgeBoostShield_RequiredPoints","config_tier3_coredodgeboostshield_requiredpoints","Tier 3: Core Breathing / Dodge Training / Health Boost / Shield Training - Required Points"
"SkillTree/Defense_Config.cs","Tier4_ShockwaveStompRock_RequiredPoints","config_tier4_shockwavestomprock_requiredpoints","Tier 4: Shockwave Release / Ground Stomp / Rock Skin - Required Points"
"SkillTree/Defense_Config.cs","Tier5_EndureAgileRegenParry_RequiredPoints","config_tier5_endureagileregenparry_requiredpoints","Tier 5: Endurance / Agility / Troll Regen / Block Master - Required Points"
"SkillTree/Defense_Config.cs","Tier6_FinalSkills_RequiredPoints","config_tier6_finalskills_requiredpoints","Tier 6: Final Skills - Required Points"
"SkillTree/Defense_Config.cs","Tier0_DefenseExpert_HPBonus","config_tier0_defenseexpert_hpbonus","Tier 0: Defense Expert (defense_root) - Health Bonus"
"SkillTree/Defense_Config.cs","Tier0_DefenseExpert_ArmorBonus","config_tier0_defenseexpert_armorbonus","Tier 0: Defense Expert (defense_root) - Armor Bonus"
"SkillTree/Defense_Config.cs","Tier1_SkinHardening_HPBonus","config_tier1_skinhardening_hpbonus","Tier 1: Skin Hardening (defense_Step1_survival) - Health Bonus"
"SkillTree/Defense_Config.cs","Tier1_SkinHardening_ArmorBonus","config_tier1_skinhardening_armorbonus","Tier 1: Skin Hardening (defense_Step1_survival) - Armor Bonus"
"SkillTree/Defense_Config.cs","Tier2_MindBodyTraining_StaminaBonus","config_tier2_mindbodytraining_staminabonus","Tier 2: Mind-Body Training (defense_Step2_dodge) - Stamina Bonus"
"SkillTree/Defense_Config.cs","Tier2_MindBodyTraining_EitrBonus","config_tier2_mindbodytraining_eitrbonus","Tier 2: Mind-Body Training (defense_Step2_dodge) - Eitr Bonus"
"SkillTree/Defense_Config.cs","Tier2_HealthTraining_HPBonus","config_tier2_healthtraining_hpbonus","Tier 2: Health Training (defense_Step2_health) - Health Bonus"
"SkillTree/Defense_Config.cs","Tier2_HealthTraining_ArmorBonus","config_tier2_healthtraining_armorbonus","Tier 2: Health Training (defense_Step2_health) - Armor Bonus"
"SkillTree/Defense_Config.cs","Tier3_CoreBreathing_EitrBonus","config_tier3_corebreathing_eitrbonus","Tier 3: Core Breathing (defense_Step3_breath) - Eitr Bonus"
"SkillTree/Defense_Config.cs","Tier3_EvasionTraining_DodgeBonus","config_tier3_evasiontraining_dodgebonus","Tier 3: Evasion Training (defense_Step3_agile) - Dodge Rate Bonus (%)"
"SkillTree/Defense_Config.cs","Tier3_EvasionTraining_InvincibilityBonus","config_tier3_evasiontraining_invincibilitybonus","Tier 3: Evasion Training (defense_Step3_agile) - Roll Invincibility Bonus (%)"
"SkillTree/Defense_Config.cs","Tier3_HealthBoost_HPBonus","config_tier3_healthboost_hpbonus","Tier 3: Health Boost (defense_Step3_boost) - Health Bonus"
"SkillTree/Defense_Config.cs","Tier3_ShieldTraining_BlockPowerBonus","config_tier3_shieldtraining_blockpowerbonus","Tier 3: Shield Training (defense_Step3_shield) - Shield Block Power Bonus"
"SkillTree/Defense_Config.cs","Tier4_GroundStomp_Radius","config_tier4_groundstomp_radius","Tier 4: Ground Stomp (defense_Step4_instant) - Effect Radius (meters)"
"SkillTree/Defense_Config.cs","Tier4_GroundStomp_KnockbackForce","config_tier4_groundstomp_knockbackforce","Tier 4: Ground Stomp (defense_Step4_instant) - Knockback Force"
"SkillTree/Defense_Config.cs","Tier4_GroundStomp_Cooldown","config_tier4_groundstomp_cooldown","Tier 4: Ground Stomp (defense_Step4_instant) - Cooldown (seconds)"
"SkillTree/Defense_Config.cs","Tier4_GroundStomp_HPThreshold","config_tier4_groundstomp_hpthreshold","Tier 4: Ground Stomp (defense_Step4_instant) - Auto-trigger HP Threshold (0.35 = 35%)"
"SkillTree/Defense_Config.cs","Tier4_GroundStomp_VFXDuration","config_tier4_groundstomp_vfxduration","Tier 4: Ground Stomp (defense_Step4_instant) - VFX Duration (seconds)"
"SkillTree/Defense_Config.cs","Tier5_Endurance_RunStaminaReduction","config_tier5_endurance_runstaminareduction","Tier 5: Endurance (defense_Step5_focus) - Run Stamina Reduction (%)"
"SkillTree/Defense_Config.cs","Tier5_Endurance_JumpStaminaReduction","config_tier5_endurance_jumpstaminareduction","Tier 5: Endurance (defense_Step5_focus) - Jump Stamina Reduction (%)"
"SkillTree/Defense_Config.cs","Tier5_Agility_DodgeBonus","config_tier5_agility_dodgebonus","Tier 5: Agility (defense_Step5_stamina) - Dodge Rate Bonus (%)"
"SkillTree/Defense_Config.cs","Tier5_Agility_RollStaminaReduction","config_tier5_agility_rollstaminareduction","Tier 5: Agility (defense_Step5_stamina) - Roll Stamina Reduction (%)"
"SkillTree/Defense_Config.cs","Tier5_TrollRegen_HPRegenBonus","config_tier5_trollregen_hpregenbonus","Tier 5: Troll's Regeneration (defense_Step5_heal) - HP Regen Bonus (per second)"
"SkillTree/Defense_Config.cs","Tier5_TrollRegen_RegenInterval","config_tier5_trollregen_regeninterval","Tier 5: Troll's Regeneration (defense_Step5_heal) - Regen Interval (seconds)"
"SkillTree/Defense_Config.cs","Tier5_BlockMaster_ShieldBlockPowerBonus","config_tier5_blockmaster_shieldblockpowerbonus","Tier 5: Block Master (defense_Step5_parry) - Shield Block Power Bonus"
"SkillTree/Defense_Config.cs","Tier5_BlockMaster_ParryDurationBonus","config_tier5_blockmaster_parrydurationbonus","Tier 5: Block Master (defense_Step5_parry) - Parry Duration Bonus (seconds)"
"SkillTree/Defense_Config.cs","Tier6_NerveEnhancement_DodgeBonus","config_tier6_nerveenhancement_dodgebonus","Tier 6: Nerve Enhancement (defense_Step6_attack) - Dodge Rate Bonus (permanent, %)"
"SkillTree/Defense_Config.cs","Tier6_JotunnVitality_HPBonus","config_tier6_jotunnvitality_hpbonus","Tier 6: Jotunn's Vitality (defense_Step6_body) - Health Bonus (%)"
"SkillTree/Defense_Config.cs","Tier6_JotunnVitality_ArmorBonus","config_tier6_jotunnvitality_armorbonus","Tier 6: Jotunn's Vitality (defense_Step6_body) - Armor Bonus (%)"
"SkillTree/Defense_Config.cs","Tier6_JotunnShield_BlockStaminaReduction","config_tier6_jotunnshield_blockstaminareduction","Tier 6: Jotunn's Shield (defense_Step6_true) - Block Stamina Reduction (%)"
"SkillTree/Defense_Config.cs","Tier6_JotunnShield_NormalShieldMoveSpeedBonus","config_tier6_jotunnshield_normalshieldmovespeedbonus","Tier 6: Jotunn's Shield (defense_Step6_true) - Normal Shield Move Speed Bonus (%)"
"SkillTree/Defense_Config.cs","Tier6_JotunnShield_TowerShieldMoveSpeedBonus","config_tier6_jotunnshield_towershieldmovespeedbonus","Tier 6: Jotunn's Shield (defense_Step6_true) - Tower Shield Move Speed Bonus (%)"
"SkillTree/Production_Config.cs","Tier0_ProductionExpert_RequiredPoints","config_tier0_productionexpert_requiredpoints","Tier 0: Production Expert (production_root) - Required Points"
"SkillTree/Production_Config.cs","Tier1_NoviceWorker_RequiredPoints","config_tier1_noviceworker_requiredpoints","Tier 1: Novice Worker (novice_worker) - Required Points"
"SkillTree/Production_Config.cs","Tier2_Specialization_RequiredPoints","config_tier2_specialization_requiredpoints","Tier 2: Woodcutting/Gathering/Mining/Crafting Lv2 - Required Points"
"SkillTree/Production_Config.cs","Tier3_IntermediateSkill_RequiredPoints","config_tier3_intermediateskill_requiredpoints","Tier 3: Woodcutting/Gathering/Mining/Crafting Lv3 - Required Points"
"SkillTree/Production_Config.cs","Tier4_AdvancedSkill_RequiredPoints","config_tier4_advancedskill_requiredpoints","Tier 4: Woodcutting/Gathering/Mining/Crafting Lv4 - Required Points"
"SkillTree/Production_Config.cs","Tier0_ProductionExpert_WoodBonusChance","config_tier0_productionexpert_woodbonuschance","Tier 0: Production Expert - Wood +1 Chance (%)"
"SkillTree/Production_Config.cs","Tier1_NoviceWorker_WoodBonusChance","config_tier1_noviceworker_woodbonuschance","Tier 1: Novice Worker - Wood +1 Chance (%)"
"SkillTree/Production_Config.cs","Tier2_WoodcuttingLv2_BonusChance","config_tier2_woodcuttinglv2_bonuschance","Tier 2: Woodcutting Lv2 - Wood +1 Chance (%)"
"SkillTree/Production_Config.cs","Tier2_GatheringLv2_BonusChance","config_tier2_gatheringlv2_bonuschance","Tier 2: Gathering Lv2 - Item +1 Chance (%)"
"SkillTree/Production_Config.cs","Tier2_MiningLv2_BonusChance","config_tier2_mininglv2_bonuschance","Tier 2: Mining Lv2 - Ore +1 Chance (%)"
"SkillTree/Production_Config.cs","Tier2_CraftingLv2_UpgradeChance","config_tier2_craftinglv2_upgradechance","Tier 2: Crafting Lv2 - Upgrade +1 Chance (%)"
"SkillTree/Production_Config.cs","Tier2_CraftingLv2_DurabilityBonus","config_tier2_craftinglv2_durabilitybonus","Tier 2: Crafting Lv2 - Durability Max Increase (%)"
"SkillTree/Production_Config.cs","Tier3_WoodcuttingLv3_BonusChance","config_tier3_woodcuttinglv3_bonuschance","Tier 3: Woodcutting Lv3 - Wood +1 Chance (%)"
"SkillTree/Production_Config.cs","Tier3_GatheringLv3_BonusChance","config_tier3_gatheringlv3_bonuschance","Tier 3: Gathering Lv3 - Item +1 Chance (%)"
"SkillTree/Production_Config.cs","Tier3_MiningLv3_BonusChance","config_tier3_mininglv3_bonuschance","Tier 3: Mining Lv3 - Ore +1 Chance (%)"
"SkillTree/Production_Config.cs","Tier3_CraftingLv3_UpgradeChance","config_tier3_craftinglv3_upgradechance","Tier 3: Crafting Lv3 - Upgrade +1 Chance (%)"
"SkillTree/Production_Config.cs","Tier3_CraftingLv3_DurabilityBonus","config_tier3_craftinglv3_durabilitybonus","Tier 3: Crafting Lv3 - Durability Max Increase (%)"
"SkillTree/Production_Config.cs","Tier4_WoodcuttingLv4_BonusChance","config_tier4_woodcuttinglv4_bonuschance","Tier 4: Woodcutting Lv4 - Wood +1 Chance (%)"
"SkillTree/Production_Config.cs","Tier4_GatheringLv4_BonusChance","config_tier4_gatheringlv4_bonuschance","Tier 4: Gathering Lv4 - Item +1 Chance (%)"
"SkillTree/Production_Config.cs","Tier4_MiningLv4_BonusChance","config_tier4_mininglv4_bonuschance","Tier 4: Mining Lv4 - Ore +1 Chance (%)"
"SkillTree/Production_Config.cs","Tier4_CraftingLv4_UpgradeChance","config_tier4_craftinglv4_upgradechance","Tier 4: Crafting Lv4 - Upgrade +1 Chance (%)"
"SkillTree/Production_Config.cs","Tier4_CraftingLv4_DurabilityBonus","config_tier4_craftinglv4_durabilitybonus","Tier 4: Crafting Lv4 - Durability Max Increase (%)"
"SkillTree/Crossbow_Config.cs","Tier0_CrossbowExpert_RequiredPoints","config_tier0_crossbowexpert_requiredpoints","Tier 0: Crossbow Expert (crossbow_expert_damage) - Required Points"
"SkillTree/Crossbow_Config.cs","Tier1_RapidFire_RequiredPoints","config_tier1_rapidfire_requiredpoints","Tier 1: Rapid Fire (crossbow_Step1_rapid_fire) - Required Points"
"SkillTree/Crossbow_Config.cs","Tier2_CrossbowSkills_RequiredPoints","config_tier2_crossbowskills_requiredpoints","Tier 2: Crossbow Skills - Required Points"
"SkillTree/Crossbow_Config.cs","Tier3_AutoReload_RequiredPoints","config_tier3_autoreload_requiredpoints","Tier 3: Auto Reload (crossbow_Step3_re) - Required Points"
"SkillTree/Crossbow_Config.cs","Tier4_CrossbowSkills_RequiredPoints","config_tier4_crossbowskills_requiredpoints","Tier 4: Crossbow Skills - Required Points"
"SkillTree/Crossbow_Config.cs","Tier5_OneShot_RequiredPoints","config_tier5_oneshot_requiredpoints","Tier 5: One Shot (R-Key Active) - Required Points"
"SkillTree/Crossbow_Config.cs","Tier0_CrossbowExpert_DamageBonus","config_tier0_crossbowexpert_damagebonus","Tier 0: Crossbow Expert (crossbow_expert_damage) - Crossbow Damage Bonus (%)"
"SkillTree/Crossbow_Config.cs","Tier1_RapidFire_Chance","config_tier1_rapidfire_chance","Tier 1: Rapid Fire (crossbow_Step1_rapid_fire) - Trigger Chance (%)"
"SkillTree/Crossbow_Config.cs","Tier1_RapidFire_ShotCount","config_tier1_rapidfire_shotcount","Tier 1: Rapid Fire (crossbow_Step1_rapid_fire) - Total Shot Count"
"SkillTree/Crossbow_Config.cs","Tier1_RapidFire_DamagePercent","config_tier1_rapidfire_damagepercent","Tier 1: Rapid Fire (crossbow_Step1_rapid_fire) - Each Bolt Damage Percent (%)"
"SkillTree/Crossbow_Config.cs","Tier1_RapidFire_Delay","config_tier1_rapidfire_delay","Tier 1: Rapid Fire (crossbow_Step1_rapid_fire) - Bolt Fire Interval (sec)"
"SkillTree/Crossbow_Config.cs","Tier1_RapidFire_BoltConsumption","config_tier1_rapidfire_boltconsumption","Tier 1: Rapid Fire (crossbow_Step1_rapid_fire) - Bolt Consumption"
"SkillTree/Crossbow_Config.cs","Tier2_BalancedAim_KnockbackChance","config_tier2_balancedaim_knockbackchance","Tier 2: Balanced Aim (crossbow_Step2_balance) - Knockback Chance (%)"
"SkillTree/Crossbow_Config.cs","Tier2_BalancedAim_KnockbackDistance","config_tier2_balancedaim_knockbackdistance","Tier 2: Balanced Aim (crossbow_Step2_balance) - Knockback Distance (m)"
"SkillTree/Crossbow_Config.cs","Tier2_RapidReload_SpeedIncrease","config_tier2_rapidreload_speedincrease","Tier 2: Rapid Reload (crossbow_Step2_rapid) - Reload Speed Increase (%)"
"SkillTree/Crossbow_Config.cs","Tier2_HonestShot_DamageBonus","config_tier2_honestshot_damagebonus","Tier 2: Honest Shot (crossbow_Step2_mark) - Damage Bonus (%)"
"SkillTree/Crossbow_Config.cs","Tier3_AutoReload_Chance","config_tier3_autoreload_chance","Tier 3: Auto Reload (crossbow_Step3_re) - Auto Reload Chance (%)"
"SkillTree/Crossbow_Config.cs","Tier4_RapidFireLv2_Chance","config_tier4_rapidfirelv2_chance","Tier 4: Rapid Fire Lv2 (crossbow_Step4_rapid_fire_lv2) - Trigger Chance (%)"
"SkillTree/Crossbow_Config.cs","Tier4_RapidFireLv2_ShotCount","config_tier4_rapidfirelv2_shotcount","Tier 4: Rapid Fire Lv2 (crossbow_Step4_rapid_fire_lv2) - Total Shot Count"
"SkillTree/Crossbow_Config.cs","Tier4_RapidFireLv2_DamagePercent","config_tier4_rapidfirelv2_damagepercent","Tier 4: Rapid Fire Lv2 (crossbow_Step4_rapid_fire_lv2) - Each Bolt Damage Percent (%)"
"SkillTree/Crossbow_Config.cs","Tier4_RapidFireLv2_Delay","config_tier4_rapidfirelv2_delay","Tier 4: Rapid Fire Lv2 (crossbow_Step4_rapid_fire_lv2) - Bolt Fire Interval (sec)"
"SkillTree/Crossbow_Config.cs","Tier4_RapidFireLv2_BoltConsumption","config_tier4_rapidfirelv2_boltconsumption","Tier 4: Rapid Fire Lv2 (crossbow_Step4_rapid_fire_lv2) - Bolt Consumption"
"SkillTree/Crossbow_Config.cs","Tier4_FinalStrike_HpThreshold","config_tier4_finalstrike_hpthreshold","Tier 4: Final Strike (crossbow_Step4_final) - HP Threshold (%)"
"SkillTree/Crossbow_Config.cs","Tier4_FinalStrike_DamageBonus","config_tier4_finalstrike_damagebonus","Tier 4: Final Strike (crossbow_Step4_final) - Additional Damage (%)"
"SkillTree/Crossbow_Config.cs","Tier5_OneShot_Duration","config_tier5_oneshot_duration","Tier 5: One Shot (crossbow_Step5_expert) - Buff Duration (sec)"
"SkillTree/Crossbow_Config.cs","Tier5_OneShot_DamageBonus","config_tier5_oneshot_damagebonus","Tier 5: One Shot (crossbow_Step5_expert) - Damage Bonus (%)"
"SkillTree/Crossbow_Config.cs","Tier5_OneShot_KnockbackDistance","config_tier5_oneshot_knockbackdistance","Tier 5: One Shot (crossbow_Step5_expert) - Knockback Distance (m)"
"SkillTree/Crossbow_Config.cs","Tier5_OneShot_Cooldown","config_tier5_oneshot_cooldown","Tier 5: One Shot (crossbow_Step5_expert) - Cooldown (sec)"
"SkillTree/Staff_Config.cs","Tier0_StaffExpert_ElementalDamageBonus","config_tier0_staffexpert_elementaldamagebonus","Tier 0: Staff Expert (staff_expert_damage) - Elemental Damage Bonus (%)"
"SkillTree/Staff_Config.cs","Tier0_StaffExpert_RequiredPoints","config_tier0_staffexpert_requiredpoints","Tier 0: Staff Expert (staff_expert_damage) - Required Points"
"SkillTree/Staff_Config.cs","Tier1_MindFocus_EitrReduction","config_tier1_mindfocus_eitrreduction","Tier 1: Mind Focus (staff_step2_focus) - Eitr Cost Reduction (%)"
"SkillTree/Staff_Config.cs","Tier1_MindFocus_RequiredPoints","config_tier1_mindfocus_requiredpoints","Tier 1: Mind Focus (staff_step2_focus) - Required Points"
"SkillTree/Staff_Config.cs","Tier1_MagicFlow_EitrBonus","config_tier1_magicflow_eitrbonus","Tier 1: Magic Flow (staff_step2_stream) - Max Eitr Bonus"
"SkillTree/Staff_Config.cs","Tier1_MagicFlow_RequiredPoints","config_tier1_magicflow_requiredpoints","Tier 1: Magic Flow (staff_step2_stream) - Required Points"
"SkillTree/Staff_Config.cs","Tier2_MagicAmplify_DamageBonus","config_tier2_magicamplify_damagebonus","Tier 2: Magic Amplify (staff_step3_amp) - Additional Damage Bonus (%)"
"SkillTree/Staff_Config.cs","Tier2_MagicAmplify_RequiredPoints","config_tier2_magicamplify_requiredpoints","Tier 2: Magic Amplify (staff_step3_amp) - Required Points"
"SkillTree/Staff_Config.cs","Tier3_FrostElement_DamageBonus","config_tier3_frostelement_damagebonus","Tier 3: Frost Element (staff_Step4_reduction) - Frost Attack Bonus (flat)"
"SkillTree/Staff_Config.cs","Tier3_FrostElement_RequiredPoints","config_tier3_frostelement_requiredpoints","Tier 3: Frost Element (staff_Step4_reduction) - Required Points"
"SkillTree/Staff_Config.cs","Tier3_FireElement_DamageBonus","config_tier3_fireelement_damagebonus","Tier 3: Fire Element (staff_Step4_range) - Fire Attack Bonus (flat)"
"SkillTree/Staff_Config.cs","Tier3_FireElement_RequiredPoints","config_tier3_fireelement_requiredpoints","Tier 3: Fire Element (staff_Step4_range) - Required Points"
"SkillTree/Staff_Config.cs","Tier3_LightningElement_DamageBonus","config_tier3_lightningelement_damagebonus","Tier 3: Lightning Element (staff_Step4_surge) - Lightning Attack Bonus (flat)"
"SkillTree/Staff_Config.cs","Tier3_LightningElement_RequiredPoints","config_tier3_lightningelement_requiredpoints","Tier 3: Lightning Element (staff_Step4_surge) - Required Points"
"SkillTree/Staff_Config.cs","Tier4_LuckyMana_Chance","config_tier4_luckymana_chance","Tier 4: Lucky Mana (staff_step5_archmage) - Zero Eitr Cost Chance (%)"
"SkillTree/Staff_Config.cs","Tier4_LuckyMana_RequiredPoints","config_tier4_luckymana_requiredpoints","Tier 4: Lucky Mana (staff_step5_archmage) - Required Points"
"SkillTree/Staff_Config.cs","Tier5_DoubleCast_AdditionalProjectileCount","config_tier5_doublecast_additionalprojectilecount","Tier 5: Double Cast (staff_step6_double_cast) - Additional Projectile Count"
"SkillTree/Staff_Config.cs","Tier5_DoubleCast_ProjectileDamagePercent","config_tier5_doublecast_projectiledamagepercent","Tier 5: Double Cast (staff_step6_double_cast) - Projectile Damage Percent (%)"
"SkillTree/Staff_Config.cs","Tier5_DoubleCast_AngleOffset","config_tier5_doublecast_angleoffset","Tier 5: Double Cast (staff_step6_double_cast) - Projectile Angle Offset (deg)"
"SkillTree/Staff_Config.cs","Tier5_DoubleCast_EitrCost","config_tier5_doublecast_eitrcost","Tier 5: Double Cast (staff_step6_double_cast) - Activation Eitr Cost"
"SkillTree/Staff_Config.cs","Tier5_DoubleCast_Cooldown","config_tier5_doublecast_cooldown","Tier 5: Double Cast (staff_step6_double_cast) - Cooldown (sec)"
"SkillTree/Staff_Config.cs","Tier5_DoubleCast_RequiredPoints","config_tier5_doublecast_requiredpoints","Tier 5: Double Cast (staff_step6_double_cast) - Required Points"
"SkillTree/Staff_Config.cs","Tier5_InstantAreaHeal_Cooldown","config_tier5_instantareaheal_cooldown","Tier 5: Instant Area Heal (staff_step6_heal) - Cooldown (sec)"
"SkillTree/Staff_Config.cs","Tier5_InstantAreaHeal_EitrCost","config_tier5_instantareaheal_eitrcost","Tier 5: Instant Area Heal (staff_step6_heal) - Eitr Cost on Cast"
"SkillTree/Staff_Config.cs","Tier5_InstantAreaHeal_HealPercent","config_tier5_instantareaheal_healpercent","Tier 5: Instant Area Heal (staff_step6_heal) - Heal Percent of Max HP (%)"
"SkillTree/Staff_Config.cs","Tier5_InstantAreaHeal_Range","config_tier5_instantareaheal_range","Tier 5: Instant Area Heal (staff_step6_heal) - Heal Range (m)"
"SkillTree/Staff_Config.cs","Tier5_InstantAreaHeal_SelfHeal","config_tier5_instantareaheal_selfheal","Tier 5: Instant Area Heal (staff_step6_heal) - Allow Self Heal"
"SkillTree/Staff_Config.cs","Tier5_InstantAreaHeal_RequiredPoints","config_tier5_instantareaheal_requiredpoints","Tier 5: Instant Area Heal (staff_step6_heal) - Required Points"
"SkillTree/Polearm_Config.cs","Tier0_PolearmExpert_RequiredPoints","config_tier0_polearmexpert_requiredpoints","Tier 0: Polearm Expert (polearm_expert) - Required Points"
"SkillTree/Polearm_Config.cs","Tier1_PolearmSkill_RequiredPoints","config_tier1_polearmskill_requiredpoints","Tier 1: Polearm Skill - Required Points"
"SkillTree/Polearm_Config.cs","Tier2_PolearmSkill_RequiredPoints","config_tier2_polearmskill_requiredpoints","Tier 2: Polearm Skill - Required Points"
"SkillTree/Polearm_Config.cs","Tier3_PolearmSkill_RequiredPoints","config_tier3_polearmskill_requiredpoints","Tier 3: Polearm Skill - Required Points"
"SkillTree/Polearm_Config.cs","Tier4_PolearmSkill_RequiredPoints","config_tier4_polearmskill_requiredpoints","Tier 4: Polearm Skill - Required Points"
"SkillTree/Polearm_Config.cs","Tier5_Suppress_RequiredPoints","config_tier5_suppress_requiredpoints","Tier 5: Suppress Attack (polearm_step1_suppress) - Required Points"
"SkillTree/Polearm_Config.cs","Tier6_PierceCharge_RequiredPoints","config_tier6_piercecharge_requiredpoints","Tier 6: Pierce Charge (G-Key Active) - Required Points"
"SkillTree/Polearm_Config.cs","Tier0_PolearmExpert_AttackRangeBonus","config_tier0_polearmexpert_attackrangebonus","Tier 0: Polearm Expert (polearm_expert) - Attack Range Bonus (%)"
"SkillTree/Polearm_Config.cs","Tier1_SpinWheel_WheelAttackDamageBonus","config_tier1_spinwheel_wheelattackdamagebonus","Tier 1: Spin Wheel (polearm_step1_spin_wheel) - Wheel Attack Damage Bonus (%)"
"SkillTree/Polearm_Config.cs","Tier5_Suppress_DamageBonus","config_tier5_suppress_damagebonus","Tier 5: Suppress Attack (polearm_step1_suppress) - Damage Bonus (%)"
"SkillTree/Polearm_Config.cs","Tier2_HeroStrike_KnockbackChance","config_tier2_herostrike_knockbackchance","Tier 2: Hero Strike (polearm_step2_hero) - Knockback Chance (%)"
"SkillTree/Polearm_Config.cs","Tier3_AreaCombo_DoubleHitBonus","config_tier3_areacombo_doublehitbonus","Tier 3: Area Combo (polearm_step3_area_combo) - Double Hit Bonus (%)"
"SkillTree/Polearm_Config.cs","Tier3_AreaCombo_DoubleHitDuration","config_tier3_areacombo_doublehitduration","Tier 3: Area Combo (polearm_step3_area_combo) - Double Hit Duration (sec)"
"SkillTree/Polearm_Config.cs","Tier3_GroundWheel_WheelAttackDamageBonus","config_tier3_groundwheel_wheelattackdamagebonus","Tier 3: Ground Wheel (polearm_step3_ground_wheel) - Wheel Attack Damage Bonus (%)"
"SkillTree/Polearm_Config.cs","Tier4_MoonSlash_AttackRangeBonus","config_tier4_moonslash_attackrangebonus","Tier 4: Moon Slash (polearm_step4_moon) - Attack Range Bonus (%)"
"SkillTree/Polearm_Config.cs","Tier4_MoonSlash_StaminaReduction","config_tier4_moonslash_staminareduction","Tier 4: Moon Slash (polearm_step4_moon) - Stamina Reduction (%)"
"SkillTree/Polearm_Config.cs","Tier3_PolearmBoost_WeaponDamageBonus","config_tier3_polearmboost_weapondamagebonus","Tier 3: Polearm Boost (polearm_step4_charge) - Weapon Damage Bonus (flat value)"
"SkillTree/Polearm_Config.cs","Tier6_PierceCharge_DashDistance","config_tier6_piercecharge_dashdistance","Tier 6: Pierce Charge (polearm_step5_king) - Dash Distance (m)"
"SkillTree/Polearm_Config.cs","Tier6_PierceCharge_FirstHitDamageBonus","config_tier6_piercecharge_firsthitdamagebonus","Tier 6: Pierce Charge (polearm_step5_king) - First Pierce Hit Damage Bonus (%)"
"SkillTree/Polearm_Config.cs","Tier6_PierceCharge_AoeDamageBonus","config_tier6_piercecharge_aoedamagebonus","Tier 6: Pierce Charge (polearm_step5_king) - AOE Knockback Damage Bonus (%)"
"SkillTree/Polearm_Config.cs","Tier6_PierceCharge_AoeAngle","config_tier6_piercecharge_aoeangle","Tier 6: Pierce Charge (polearm_step5_king) - AOE Angle (280 = excluding front 80 degrees)"
"SkillTree/Polearm_Config.cs","Tier6_PierceCharge_AoeRadius","config_tier6_piercecharge_aoeradius","Tier 6: Pierce Charge (polearm_step5_king) - AOE Radius (m)"
"SkillTree/Polearm_Config.cs","Tier6_PierceCharge_KnockbackDistance","config_tier6_piercecharge_knockbackdistance","Tier 6: Pierce Charge (polearm_step5_king) - Knockback Distance (m)"
"SkillTree/Polearm_Config.cs","Tier6_PierceCharge_StaminaCost","config_tier6_piercecharge_staminacost","Tier 6: Pierce Charge (polearm_step5_king) - Stamina Cost (flat value)"
"SkillTree/Polearm_Config.cs","Tier6_PierceCharge_Cooldown","config_tier6_piercecharge_cooldown","Tier 6: Pierce Charge (polearm_step5_king) - Cooldown (sec)"
"SkillTree/Archer_Config.cs","Archer_MultiShot_ArrowCount","config_archer_multishot_arrowcount","?꾩쿂 硫?곗꺑 - 諛쒖궗???붿궡 ??/ Archer Multishot - Arrows to Fire"
"SkillTree/Archer_Config.cs","Archer_MultiShot_ArrowConsumption","config_archer_multishot_arrowconsumption","?꾩쿂 硫?곗꺑 - ?붿궡 ?뚮え??/ Archer Multishot - Arrow Consumption"
"SkillTree/Archer_Config.cs","Archer_MultiShot_DamagePercent","config_archer_multishot_damagepercent","?꾩쿂 硫?곗꺑 - ?붿궡???곕?吏 鍮꾩쑉 (%) / Archer Multishot - Damage Per Arrow (%)"
"SkillTree/Archer_Config.cs","Archer_MultiShot_Cooldown","config_archer_multishot_cooldown","?꾩쿂 硫?곗꺑 - 荑⑦???(珥? / Archer Multishot - Cooldown (sec)"
"SkillTree/Archer_Config.cs","Archer_MultiShot_Charges","config_archer_multishot_charges","?꾩쿂 硫?곗꺑 - 諛쒖궗 ?뚯닔 / Archer Multishot - Shot Charges"
"SkillTree/Archer_Config.cs","Archer_MultiShot_StaminaCost","config_archer_multishot_staminacost","?꾩쿂 硫?곗꺑 - ?뚮え ?ㅽ깭誘몃굹 / Archer Multishot - Stamina Cost"
"SkillTree/Archer_Config.cs","Archer_JumpHeightBonus","config_archer_jumpheightbonus","?꾩쿂 ?⑥떆釉?- ?먰봽 ?믪씠 蹂대꼫??(%) / Archer Passive - Jump Height Bonus (%)"
"SkillTree/Archer_Config.cs","Archer_FallDamageReduction","config_archer_falldamagereduction","?꾩쿂 ?⑥떆釉?- ?숈궗 ?곕?吏 媛먯냼 (%) / Archer Passive - Fall Damage Reduction (%)"
"SkillTree/Mage_Config.cs","Mage_AOE_Range","config_mage_aoe_range","硫붿씠吏 ?≫떚釉??ㅽ궗 - 踰붿쐞 (m) / Mage Active Skill - Range (m)"
"SkillTree/Mage_Config.cs","Mage_Eitr_Cost","config_mage_eitr_cost","硫붿씠吏 ?≫떚釉??ㅽ궗 - Eitr ?뚮え??/ Mage Active Skill - Eitr Cost"
"SkillTree/Mage_Config.cs","Mage_Damage_Multiplier","config_mage_damage_multiplier","硫붿씠吏 ?≫떚釉??ㅽ궗 - 怨듦꺽 ?곕?吏 諛곗닔 (%) / Mage Active Skill - Damage Multiplier (%)"
"SkillTree/Mage_Config.cs","Mage_Cooldown","config_mage_cooldown","硫붿씠吏 ?≫떚釉??ㅽ궗 - 荑⑦???(珥? / Mage Active Skill - Cooldown (sec)"
"SkillTree/Mage_Config.cs","Mage_VFX_Name","config_mage_vfx_name","硫붿씠吏 ?≫떚釉??ㅽ궗 - VFX ?④낵紐?/ Mage Active Skill - VFX Effect Name"
"SkillTree/Mage_Config.cs","Mage_Elemental_Resistance","config_mage_elemental_resistance","硫붿씠吏 ?⑥떆釉?- 留덈쾿 ?띿꽦 ???(%) - ?붿뿼/?됯린/踰덇컻/???곹샎 (臾쇰━ ?쒖쇅) / Mage Passive - Elemental Resistance (%) - Fire/Frost/Lightning/Poison/Spirit (Physical excluded)"
"SkillTree/Tanker_Config.cs","Tanker_Taunt_Cooldown","config_tanker_taunt_cooldown","?꾩옣???⑥꽦 - 荑⑦???(珥? / War Cry - Cooldown (sec)"
"SkillTree/Tanker_Config.cs","Tanker_Taunt_StaminaCost","config_tanker_taunt_staminacost","?꾩옣???⑥꽦 - ?ㅽ깭誘몃굹 ?뚮え / War Cry - Stamina Cost"
"SkillTree/Tanker_Config.cs","Tanker_Taunt_Range","config_tanker_taunt_range","?꾩옣???⑥꽦 - ?꾨컻 踰붿쐞 (m) / War Cry - Taunt Range (m)"
"SkillTree/Tanker_Config.cs","Tanker_Taunt_Duration","config_tanker_taunt_duration","?꾩옣???⑥꽦 - ?쇰컲 紐ъ뒪???꾨컻 吏?띿떆媛?(珥? / War Cry - Normal Monster Taunt Duration (sec)"
"SkillTree/Tanker_Config.cs","Tanker_Taunt_BossDuration","config_tanker_taunt_bossduration","?꾩옣???⑥꽦 - 蹂댁뒪 ?꾨컻 吏?띿떆媛?(珥? / War Cry - Boss Taunt Duration (sec)"
"SkillTree/Tanker_Config.cs","Tanker_Taunt_DamageReduction","config_tanker_taunt_damagereduction","?꾩옣???⑥꽦 - ?먯떊??諛쏅뒗 ?쇳빐 媛먯냼 (%) / War Cry - Self Damage Reduction (%)"
"SkillTree/Tanker_Config.cs","Tanker_Taunt_BuffDuration","config_tanker_taunt_buffduration","?꾩옣???⑥꽦 - ?쇳빐 媛먯냼 踰꾪봽 吏?띿떆媛?(珥? / War Cry - Damage Reduction Buff Duration (sec)"
"SkillTree/Tanker_Config.cs","Tanker_Taunt_EffectHeight","config_tanker_taunt_effectheight","?꾩옣???⑥꽦 - 紐ъ뒪??癒몃━??taunt ?④낵 ?믪씠 (m) / War Cry - Taunt Effect Height Above Monster (m)"
"SkillTree/Tanker_Config.cs","Tanker_Taunt_EffectScale","config_tanker_taunt_effectscale","?꾩옣???⑥꽦 - taunt ?④낵 ?ш린 諛곗쑉 (30% ?ш린) / War Cry - Taunt Effect Scale (30% size)"
"SkillTree/Tanker_Config.cs","Tanker_Passive_DamageReduction","config_tanker_passive_damagereduction","?깆빱 ?⑥떆釉?- 諛쏅뒗 ?쇳빐??媛먯냼 (%) / Tanker Passive - Damage Taken Reduction (%)"
"SkillTree/Rogue_Config.cs","Rogue_ShadowStrike_Cooldown","config_rogue_shadowstrike_cooldown","洹몃┝???쇨꺽 - 荑⑦???(珥? / Shadow Strike - Cooldown (sec)"
"SkillTree/Rogue_Config.cs","Rogue_ShadowStrike_StaminaCost","config_rogue_shadowstrike_staminacost","洹몃┝???쇨꺽 - ?ㅽ깭誘몃굹 ?뚮え / Shadow Strike - Stamina Cost"
"SkillTree/Rogue_Config.cs","Rogue_ShadowStrike_AttackBonus","config_rogue_shadowstrike_attackbonus","洹몃┝???쇨꺽 - 怨듦꺽??利앷? (%) / Shadow Strike - Attack Power Increase (%)"
"SkillTree/Rogue_Config.cs","Rogue_ShadowStrike_BuffDuration","config_rogue_shadowstrike_buffduration","洹몃┝???쇨꺽 - 怨듦꺽??踰꾪봽 吏?띿떆媛?(珥? / Shadow Strike - Attack Buff Duration (sec)"
"SkillTree/Rogue_Config.cs","Rogue_ShadowStrike_SmokeScale","config_rogue_shadowstrike_smokescale","洹몃┝???쇨꺽 - ?곕쭑 ?④낵 ?ш린 諛곗쑉 / Shadow Strike - Smoke Effect Scale"
"SkillTree/Rogue_Config.cs","Rogue_ShadowStrike_AggroRange","config_rogue_shadowstrike_aggrorange","洹몃┝???쇨꺽 - ?닿렇濡??쒓굅 踰붿쐞 (m) / Shadow Strike - Aggro Clear Range (m)"
"SkillTree/Rogue_Config.cs","Rogue_ShadowStrike_StealthDuration","config_rogue_shadowstrike_stealthduration","洹몃┝???쇨꺽 - ?ㅽ뀛??吏?띿떆媛?(珥? / Shadow Strike - Stealth Duration (sec)"
"SkillTree/Rogue_Config.cs","Rogue_AttackSpeed_Bonus","config_rogue_attackspeed_bonus","濡쒓렇 ?⑥떆釉?- 怨듦꺽 ?띾룄 蹂대꼫??(%) / Rogue Passive - Attack Speed Bonus (%)"
"SkillTree/Rogue_Config.cs","Rogue_Stamina_Reduction","config_rogue_stamina_reduction","濡쒓렇 ?⑥떆釉?- 怨듦꺽 ???ㅽ깭誘몃굹 ?ъ슜??媛먯냼 (%) / Rogue Passive - Attack Stamina Usage Reduction (%)"
"SkillTree/Rogue_Config.cs","Rogue_ElementalResistance_Debuff","config_rogue_elementalresistance_debuff","濡쒓렇 ?⑥떆釉?- ?띿꽦 ???利앷? (%) - ?띿꽦 ?쇳빐 媛먯냼 / Rogue Passive - Elemental Resistance Increase (%) - Reduce Elemental Damage"
